{"cameraMode":{"drawMode":0,"name":"Shaded","section":"Shading Mode"},"sceneLighting":false,"audioPlay":false,"sceneViewState":{"showFog":true,"showMaterialUpdate":false,"showSkybox":true,"showFlares":true,"showImageEffects":true,"showParticleSystems":true},"in2DMode":false,"pivot":{"x":-0.210723876953125,"y":1.3555854558944703,"z":0.9491908550262451},"rotation":{"x":-0.4479265809059143,"y":-0.002131048357114196,"z":0.001186520792543888,"w":-0.8941689133644104},"size":47.88601303100586,"orthographic":false}