{"cameraMode":{"drawMode":0,"name":"Shaded","section":"Shading Mode"},"sceneLighting":false,"audioPlay":false,"sceneViewState":{"showFog":true,"showMaterialUpdate":false,"showSkybox":true,"showFlares":true,"showImageEffects":true,"showParticleSystems":true},"in2DMode":false,"pivot":{"x":-0.3113952875137329,"y":0.6595509052276611,"z":0.4508221447467804},"rotation":{"x":-0.035496484488248828,"y":-0.9605153799057007,"z":0.23504821956157685,"w":-0.14486214518547059},"size":3.49648380279541,"orthographic":false}