{"cameraMode":{"drawMode":0,"name":"Shaded","section":"Shading Mode"},"sceneLighting":false,"audioPlay":false,"sceneViewState":{"showFog":true,"showMaterialUpdate":false,"showSkybox":true,"showFlares":true,"showImageEffects":true,"showParticleSystems":true},"in2DMode":false,"pivot":{"x":-0.2528972625732422,"y":0.39797496795654299,"z":0.27866506576538088},"rotation":{"x":-0.4479265809059143,"y":-0.002131048357114196,"z":0.001186520792543888,"w":-0.8941689133644104},"size":57.46322250366211,"orthographic":false}