{"cameraMode":{"drawMode":0,"name":"Shaded","section":"Shading Mode"},"sceneLighting":false,"audioPlay":false,"sceneViewState":{"showFog":true,"showMaterialUpdate":false,"showSkybox":true,"showFlares":true,"showImageEffects":true,"showParticleSystems":true},"in2DMode":false,"pivot":{"x":-2.12125301361084,"y":9.472587585449219,"z":0.4997396469116211},"rotation":{"x":0.00025049896794371307,"y":-0.9989235401153565,"z":0.005995963700115681,"w":0.0467836856842041},"size":36.190650939941409,"orthographic":false}