{"cameraMode":{"drawMode":0,"name":"Shaded","section":"Shading Mode"},"sceneLighting":false,"audioPlay":false,"sceneViewState":{"showFog":true,"showMaterialUpdate":false,"showSkybox":true,"showFlares":true,"showImageEffects":true,"showParticleSystems":true},"in2DMode":false,"pivot":{"x":0.0,"y":1.4634476900100709,"z":2.384185791015625e-7},"rotation":{"x":-0.31353768706321719,"y":0.007707461714744568,"z":-0.002445594407618046,"w":-0.9496184587478638},"size":11.652846336364746,"orthographic":false}